junction,latitude,longitude,raw_count,weighted_intensity,mean_trust,z_score,p_sim,is_significant,hotspot_probability,bootstrap_samples
SilkBoardJunc,12.917013388484849,77.62287403454545,33,30.48,0.9236363636363637,1.4619543824357062,0.006,True,0.965,200
GoruguntepalyaJunc,13.02965172,77.540355135,20,19.7,0.985,1.3928153420233371,0.005,True,0.925,200
SantheCircle,13.097470472,77.598195376,25,22.87,0.9148000000000001,1.3640349759186665,0.006,True,0.99,200
SandeepUnnikrishnan-Yelhanka,13.1013404125,77.586018675,8,7.49,0.93625,1.3640349759186665,0.002,True,1.0,200
KogilluCrossJunc,13.104882479999999,77.60111568666666,15,14.7,0.98,1.3640349759186665,0.003,True,0.995,200
toll gate mysore road,12.957494487575758,77.55188395151515,33,32.7,0.990909090909091,1.298204023564306,0.016,True,0.885,200
AyyappaTempleJunc,12.923716187142857,77.61866231877552,49,47.8,0.9755102040816326,1.2518907907521923,0.05,False,0.21,200
29thMainRdBTM LayoutJunc,12.916209779999999,77.61614313999999,5,5.0,1.0,1.2434551662042717,0.005,True,0.9949748743718593,199
KoramangalaWaterTankJunc,12.92733995862069,77.6209728,29,28.7,0.9896551724137931,1.2303882183751402,0.014,True,0.545,200
SatteliteBusStandJunc,12.954126423255815,77.543464,43,42.4,0.9860465116279069,1.2073970063719837,0.034,True,0.535,200
BagalurCrossJunc,13.122025955555555,77.61086333333333,27,26.1,0.9666666666666667,1.2019386610762703,0.018,True,0.855,200
YelhankaBypass,13.082246415789474,77.59342907894738,19,18.4,0.9684210526315788,1.1589335163221652,0.009,True,0.945,200
YelhankaCircle,13.094322461764706,77.59592726470589,34,33.1,0.973529411764706,1.1589335163221652,0.025,True,0.515,200
PES-DevegowdaCircle,12.93772201,77.53334387999999,4,4.0,1.0,1.1066657250056373,0.004,True,0.883248730964467,197
SRS Peenya Junc,13.03450852,77.529849455,20,19.7,0.985,1.093433372773605,0.014,True,0.875,200
JakkurCrossJunction,13.073616027777778,77.59285452777777,18,16.8,0.9333333333333333,1.0927717551620035,0.013,True,0.885,200
Batrayanapura(Amrutahalli)Junction,13.067096859285714,77.59289248,14,13.7,0.9785714285714285,1.0466239267527906,0.012,True,0.91,200
BangaloreBodyBuildersJunc,12.959079889473685,77.55549174210527,19,18.49,0.973157894736842,1.0385191110106708,0.022,True,0.755,200
HunsemarammanahalliJunction,13.142240485714286,77.61770735714286,7,7.0,1.0,1.0084155096827976,0.01,True,0.96,200
SadashivnagarJunc,13.015022161538461,77.57265107692308,13,12.1,0.9307692307692308,0.9162852572672723,0.017,True,0.56,200
KodigehalliCross,13.055506881818182,77.59384458181817,11,10.7,0.9727272727272727,0.912480956000563,0.016,True,0.775,200
SarjapurRd-St JohnsRdJunc,12.92788846,77.61594824,10,9.7,0.97,0.8916400012351122,0.018,True,0.71,200
Chokasandra (Tumkur road),13.042173135714284,77.51471048571429,14,14.0,1.0,0.8833697810900922,0.031,True,0.655,200
JalahalliCross(SM Circle),13.0400894125,77.518302096875,32,32.0,1.0,0.8833697810900922,0.072,False,0.395,200
PoliceCornerJunc,12.968714985,77.58703580538462,26,25.7,0.9884615384615384,0.8784076490030801,0.045,True,0.145,200
BagalakunteCrossJunction,13.0599505,77.5068564,2,1.49,0.745,0.8749341565421715,0.013,True,0.9064327485380117,171
"VeerannapalyaJunction(BEL,HO)",13.041578026666667,77.61365983,30,24.99,0.833,0.8729493037073663,0.047,True,0.295,200
PeenyaPoliceStation,13.0371606,77.52245386666667,12,12.0,1.0,0.8502889005100114,0.023,True,0.825,200
UlsoorGateJunc,12.966829124999999,77.58747884166667,12,12.0,1.0,0.8122458878429183,0.026,True,0.44,200
ChandraLayoutJunc-nearWaterTank,12.960020400000001,77.52715265,2,2.0,1.0,0.8089377997849101,0.015,True,0.6976744186046512,172
MSRamaiahHospitalJunc,13.0278807,77.5742038,1,1.0,1.0,0.8005021752369895,0.012,True,0.8676470588235294,136
GokuldasImagesJunc,13.030656107142857,77.53642285714285,28,27.7,0.9892857142857142,0.7957054475528778,0.085,False,0.525,200
N R SquareJunc,12.96546108,77.58656263,10,9.7,0.97,0.7907433154658657,0.023,True,0.505,200
"Narayanapura cross, Hegde nagar",13.070610266666668,77.6345598,3,2.7,0.9,0.7525348983958721,0.018,True,0.8359788359788359,189
KIMCO Junction,12.951140019032259,77.53800328,31,30.4,0.9806451612903225,0.7361598625087319,0.111,False,0.58,200
BTM16thMain-ORR Junc,12.916279166666667,77.6097492,6,5.49,0.915,0.7191232090099905,0.034,True,0.495,200
GangammagudiJunc,13.056797616666666,77.54662863333333,6,6.0,1.0,0.7177999737867875,0.032,True,0.5778894472361809,199
RajeshwariJunc,12.936724756818181,77.51907055181817,22,21.4,0.9727272727272727,0.712837841699775,0.073,False,0.05,200
CIL CrossJunction-JayamahalRd,13.00907855,77.59168475,4,4.0,1.0,0.6597430283687458,0.037,True,0.3401015228426396,197
TownhallJunction,12.963981796666667,77.58437726000001,30,29.7,0.99,0.6584197931455422,0.163,False,0.0,200
MS RamaiahJunc(TollGate),13.017081354545455,77.56076145454546,11,11.0,1.0,0.6451874409135101,0.052,False,0.155,200
MysoreRd-RingRdJunc(Nayandanahallii),12.944786855789474,77.52730521105264,19,18.7,0.9842105263157894,0.6435333968845058,0.082,False,0.125,200
MekhriCircle,13.0146016609375,77.58398061015625,64,63.19,0.98734375,0.6334437283075811,0.235,False,0.01,200
DevangaHostelJunction,12.963187976,77.588957566,5,5.0,1.0,0.6268275521915649,0.048,True,0.43147208121827413,197
BhashyamCircle-SadashivNagar,13.0071179,77.57946305,4,4.0,1.0,0.6119411559305287,0.044,True,0.29081632653061223,196
FTI Junction(KanteeravaStudio),13.021223754545453,77.53143259090909,11,11.0,1.0,0.5972201640723926,0.069,False,0.255,200
HesaraghattaJunction,13.045215853333334,77.50743217666667,30,29.7,0.99,0.5821683634084561,0.198,False,0.055,200
TVS CrossJunction,13.0283245,77.5191569,1,1.0,1.0,0.5740635476663362,0.036,True,0.43884892086330934,139
HudsonCircle,12.967816574375,77.590308950625,16,16.0,1.0,0.5475988432022714,0.106,False,0.12,200
K R Circle,12.976696022580645,77.58604781483871,31,29.8,0.9612903225806452,0.5442907551442637,0.228,False,0.0,200
RRR(Okalipuram)Junction,12.9823826,77.56777453333333,6,5.7,0.9500000000000001,0.5391632186543509,0.047,True,0.06030150753768844,199
YeshwanthpuraCircle,13.017761442894736,77.55697258157895,38,37.1,0.9763157894736842,0.522788182767211,0.372,False,0.0,200
AttiguppeCircleJunction,12.9621302,77.5335461,1,1.0,1.0,0.48805325815812584,0.054,False,0.30656934306569344,137
5thMainRPC Layout-Vijayanagar,12.9657814,77.53542256666667,3,3.0,1.0,0.48805325815812584,0.06,False,0.16062176165803108,193
TumkurRdMarappanapalyaJunc,13.018958142857143,77.55314450714286,14,14.0,1.0,0.45662642160704914,0.135,False,0.035,200
TataInstituteCircle,13.014359833333332,77.5655854,12,11.1,0.9249999999999999,0.45166428952003695,0.115,False,0.04,200
GarebhavipalyaJunc,12.893795220000001,77.63690847000001,5,4.1,0.82,0.44140921654021187,0.079,False,0.07179487179487179,195
Kudlu Gate Junc,12.889438966666667,77.6394545,6,6.0,1.0,0.44140921654021187,0.077,False,0.04522613065326633,199
SirsiCircle,12.961263,77.56049068888889,9,8.49,0.9433333333333334,0.43810112848220367,0.106,False,0.035,200
BEL Circle,13.044356544,77.555854144,25,23.59,0.9436,0.4165985561051514,0.263,False,0.005,200
StateBankofMysoreJunc,12.973675366666667,77.582229875,12,12.0,1.0,0.4134558724500438,0.147,False,0.045,200
GovindapuraCross,13.032092,77.6216355,1,1.0,1.0,0.4048548434992224,0.073,False,0.07352941176470588,136
KhodaysCircle(DV UrsCircle),12.980188352173913,77.57155901739131,23,23.0,1.0,0.37888635224385925,0.278,False,0.0,200
Nagavara-ORR Junction,13.039600234375,77.624189735625,32,27.5,0.859375,0.3752474553800501,0.362,False,0.02,200
HebbalFlyoverJunc,13.042259165,77.59092162321429,28,26.08,0.9314285714285714,0.36333833837122104,0.35,False,0.445,200
SubbannaJunction,12.982947461111111,77.57678229777778,9,8.49,0.9433333333333334,0.35374488300299783,0.149,False,0.0,200
HennurRoad-ORR Junc,13.0292207,77.63169948235294,17,15.8,0.9294117647058824,0.3471287068869814,0.207,False,0.0,200
ISRO Junction-NewBEL Rd,13.0351175,77.5677308,1,1.0,1.0,0.3454746628579777,0.092,False,0.17293233082706766,133
ShivajiTalkiesJunc,12.962567871428572,77.58247607142857,7,6.7,0.9571428571428572,0.34415142763477413,0.142,False,0.005025125628140704,199
PlatformRdJunction,12.981695483333333,77.57023611666666,6,6.0,1.0,0.3406779351738658,0.127,False,0.0,199
SiddalingaiahCircle,12.971612360909091,77.59445759545454,11,11.0,1.0,0.33075367099984143,0.169,False,0.01,200
UniversityJunc(Janabharti),12.935896474545455,77.5125528,11,11.0,1.0,0.32579153891282897,0.178,False,0.0,200
Devasandra(k r puram),13.00946257,77.69615677333333,30,28.38,0.946,0.32380668607802454,0.437,False,0.0,200
AnandRaoJunction,12.9813513,77.57418408571428,7,7.0,1.0,0.3206640024229167,0.152,False,0.0,200
PurnimaTheaterJunc,12.96036127625,77.58765571250001,8,8.0,1.0,0.319175362796813,0.148,False,0.01,200
KrishnaFlourMill,12.984845371578947,77.57305116631579,19,18.7,0.9842105263157894,0.31570187033590474,0.287,False,0.0,200
Bommanahalli,12.906963534615384,77.62816493076923,26,25.7,0.9884615384615384,0.31404782630690076,0.386,False,0.045,200
Krupanidhi College,12.92466734,77.62763722,5,5.0,1.0,0.29585334198785596,0.129,False,0.7676767676767676,198
"Trilight Circle,Race course Road",12.984309145000001,77.582696795,2,2.0,1.0,0.29271065833274856,0.117,False,0.011695906432748537,171
Ring road-Near Kengunte Junction,12.959364842857143,77.50398327142857,7,7.0,1.0,0.29271065833274834,0.159,False,0.005,200
RingRoad-UllalJunction,12.95178307142857,77.49974574285714,7,6.1899999999999995,0.8842857142857142,0.29271065833274834,0.153,False,0.010050251256281407,199
GopalGowdaJUnc,12.9785487,77.5911902,3,3.0,1.0,0.28096694572681963,0.123,False,0.0,189
MinskSquare(CTO Junction),12.9816874725,77.59743405750001,8,8.0,1.0,0.25433683685985453,0.196,False,0.0,200
QueensStatueCircle,12.977181917777777,77.59924659111113,9,7.59,0.8433333333333333,0.25433683685985453,0.192,False,0.0,200
Richmond circle jn,12.965108050909093,77.59626807090909,11,10.7,0.9727272727272727,0.25135955760764755,0.225,False,0.0,200
MysoreRd--MadhuPetrolBunkJunction,12.912233975,77.48536440000001,4,3.4,0.85,0.24308933746262712,0.15,False,0.005050505050505051,198
ShantalaJunction,12.974563449333335,77.57028000666668,15,13.5,0.9,0.24126988903072255,0.268,False,0.0,200
ESI(k r puram),12.9930024,77.7063512,1,0.7,0.7,0.2394504405988182,0.131,False,0.008620689655172414,116
MahalaxmiLayoutEntranceJunc,13.009674380000002,77.54884394000001,5,4.7,0.9400000000000001,0.231511029259599,0.175,False,0.11,200
KarnatakaBhavanJunction,12.981451431111111,77.5647627311111,9,8.7,0.9666666666666666,0.22142136068267426,0.226,False,0.0,200
IndianExpressJunction,12.98415381875,77.59736211250001,16,15.7,0.98125,0.21298573613475374,0.328,False,0.0,200
CID-CarltonHouseJunc,12.9803552,77.5863631888889,9,8.4,0.9333333333333333,0.20190364114042667,0.242,False,0.005,200
5thMainHSR,12.916451233333333,77.63131656666667,3,2.7,0.9,0.19661070024761354,0.186,False,0.46524064171123,187
BloodBankCircle,12.962145634,77.594476038,15,14.49,0.966,0.1602217316095249,0.361,False,0.0,200
BhadrappaLayout,13.0466962,77.57735149999999,2,1.49,0.745,0.15823687877471998,0.193,False,0.047619047619047616,168
UCO Bank(Forum),12.933905,77.612605,2,2.0,1.0,0.15559040832831342,0.19,False,0.14857142857142858,175
HoodiJunction,12.992635916666666,77.71575451666666,6,5.1,0.85,0.15013206303260018,0.228,False,0.02,200
BigBazaar(Whitefield)Junc,12.98810970125,77.733229935,8,7.7,0.9625,0.15013206303260018,0.264,False,0.005,200
LeprosyhospitalJunc,12.97553827904762,77.5642398852381,21,20.49,0.9757142857142856,0.14053860766437648,0.498,False,0.0,200
SubedarChatramRd near SheshadripuramPS,12.9875192825,77.57405029,8,7.1899999999999995,0.8987499999999999,0.13871915923247216,0.275,False,0.0,200
BHEL Gate,12.8461033,77.6589267,1,1.0,1.0,0.13574187998026477,0.199,False,0.0,116
ElectronicCityGate-2Junc,12.855327033333333,77.66495454999999,6,5.7,0.9500000000000001,0.13574187998026477,0.258,False,0.0,200
NaganathapuraJunction,12.870339716666665,77.65300454166668,12,11.7,0.975,0.13574187998026477,0.352,False,0.0,200
TC Palya-OM RoadJunc,13.017485675,77.705930225,4,3.49,0.8725,0.13028353468455164,0.237,False,0.020202020202020204,198
Kammanahalli-RingRoadJunction,13.026446400000001,77.63677685,4,3.7,0.925,0.11738199125831987,0.247,False,0.050761421319796954,197
NTTF JunctionPeenya,13.0248685,77.51113294999999,2,2.0,1.0,0.11589335163221635,0.229,False,0.16470588235294117,170
HoramavuJunction,13.018759941666666,77.65638329166667,12,11.1,0.9249999999999999,0.10580368305529186,0.345,False,0.0,200
SagarTheatreJunc,12.974529163333331,77.57870924833334,6,6.0,1.0,0.10414963902628775,0.284,False,0.010050251256281407,199
BinnyMillJunction,12.970068857142858,77.56797037142857,7,6.1,0.8714285714285713,0.0990221025363751,0.295,False,0.0,200
Deverabeesanahalli-ORR Junc,12.930817606666666,77.68505383333333,15,14.49,0.966,0.06776067038819877,0.476,False,0.0,200
Peenya14thCrossJunc,13.0166142,77.5054464,1,1.0,1.0,0.06627203076209515,0.243,False,0.014705882352941176,136
Dr RajkumarRd-10thCrossRdJunc,13.007386059999998,77.55402936,5,4.7,0.9400000000000001,0.06610662635919479,0.299,False,0.16,200
ShivandaCircle,12.987866075,77.57968311666666,12,12.0,1.0,0.056016957782269935,0.439,False,0.0,200
K R MarketJunction,12.963904757142858,77.57833600000001,7,6.7,0.9571428571428572,0.054528318156166544,0.337,False,0.0,200
Yemalur cross junc,12.956005000000001,77.69349825,4,3.7,0.925,0.054528318156166544,0.292,False,0.0,197
Kadubeesanahalli-ORR Junc,12.939466620833334,77.69618835916667,12,12.0,1.0,0.054528318156166544,0.452,False,0.0,200
LinkRoadMalleswaramJunc,12.9928565,77.57435053333334,3,3.0,1.0,0.05105482569525786,0.294,False,0.0,192
SadahalliGateJunc(AirportRd),13.190765028571429,77.64583525714285,7,6.7,0.9571428571428572,0.04311541435603864,0.359,False,0.01,200
PoliceTimmaiahCircle(GPO),12.982200871428573,77.59418355,14,13.4,0.9571428571428572,0.03434898100231719,0.492,False,0.0,200
CoffeeBoardJunc,12.9832485,77.5956467,8,6.38,0.7975,0.03434898100231719,0.363,False,0.0,200
EliteJunc,12.976210316666666,77.57514845,6,6.0,1.0,0.01648530548907346,0.367,False,0.0,198
UpparpetJunction,12.97431308,77.57463606,2,1.49,0.745,0.01648530548907346,0.297,False,0.0,169
MaratahalliBridgeJunc,12.95636516875,77.70061835,16,15.4,0.9625,0.01648530548907346,0.44,False,0.0,200
BDA Junctio-Koramangala,12.931545133333332,77.62268249,6,6.0,1.0,0.013342621833965722,0.368,False,0.31,200
MillCornerRd-SampigeRdJunc,12.99226608888889,77.5714538,9,9.0,1.0,0.00490699728604497,0.444,False,0.0,200
KuvempuCircle,13.0446343,77.56207,3,2.7,0.9,-0.02503119963892782,0.366,False,0.1641025641025641,195
KundanahalliGateJunc,12.955880527272727,77.71681418545455,11,10.7,0.9727272727272727,-0.02800847889113533,0.478,False,0.0,200
NCERT Junction,12.9318961,77.5445289,1,1.0,1.0,-0.02817388329403556,0.348,False,0.0703125,128
BrigadeMillenium,12.8933772,77.5851856,1,0.7,0.7,-0.03694031664775725,0.341,False,0.0,133
MeenakshiMallJunc,12.876471425,77.59513195,8,7.49,0.93625,-0.06191638148571821,0.497,False,0.0,200
BMTCJunction-K H Road,12.956571942,77.593179472,10,9.49,0.9490000000000001,-0.06323961670892138,0.48,False,0.0,200
HopefarmJunction,12.984359663000001,77.752452978,10,10.0,1.0,-0.06456285193212466,0.453,False,0.005,200
BilekahalliJunc,12.900502092857142,77.60094976428572,14,13.7,0.9785714285714285,-0.07845682177575854,0.369,False,0.0,200
KanakapuraRd-RingRdJunction,12.905958257777778,77.57323213000001,9,9.0,1.0,-0.08093788781926463,0.438,False,0.0,200
CMP GateJunc,12.957914185000002,77.60585476,20,19.4,0.97,-0.08474218908597389,0.241,False,0.04,200
LRDE Junction,12.987409266666667,77.58811161111112,9,9.0,1.0,-0.0859000199062767,0.439,False,0.0,200
"Bellandur Junction, Outer ring road",12.926606866666667,77.67833689999999,3,3.0,1.0,-0.09268160042519336,0.434,False,0.0,189
MargosaRd-18thCrossJunc,13.0110951,77.56933845,6,6.0,1.0,-0.09582428408030097,0.497,False,0.005025125628140704,199
VeerasandraGateJunction,12.839784945454545,77.67714299090909,11,11.0,1.0,-0.09913237213830906,0.379,False,0.0,200
JohnsonMarket,12.962821266666666,77.60661306666667,3,2.49,0.8300000000000001,-0.10095182057021351,0.44,False,0.0051813471502590676,193
GowdanapalyaJunction,12.9135866,77.5590245,1,1.0,1.0,-0.10591395265722571,0.42,False,0.0,135
BigBazaarJunction(OldMadrasRd),12.991387184615386,77.65742077692308,26,19.4,0.7461538461538461,-0.11898090048635772,0.206,False,0.075,200
OldMadrasRd-NGEF Junc,12.9867540125,77.64830568375,8,6.199999999999999,0.7749999999999999,-0.11898090048635772,0.453,False,0.0,200
OldMadrasRd-SuddaguntepalyaRdJunc,12.989703999999998,77.65383403333334,3,2.0999999999999996,0.6999999999999998,-0.11898090048635772,0.466,False,0.0,198
RamamurthyNagarJunction,13.015187844444444,77.66126624444445,9,8.4,0.9333333333333333,-0.12080034891826205,0.401,False,0.0,200
VishweswaraiahJunctio(Uttamsagar),13.01136787,77.64639437,1,1.0,1.0,-0.12080034891826205,0.433,False,0.0,130
ArakereGateJunc,12.890589566666668,77.59770875333334,15,13.68,0.912,-0.12807814264587986,0.292,False,0.02,200
HulimaveRd-BanneraghattaRdJunc,12.881814533333333,77.59606995555555,9,8.49,0.9433333333333334,-0.12807814264587986,0.402,False,0.0,200
ChandrikaJunction,12.99138545,77.59245085,2,2.0,1.0,-0.14428777413011948,0.49,False,0.0,169
Devanahalli new bus stand,13.2483559,77.7156178,1,0.7,0.7,-0.15536986912444656,0.48,False,0.0078125,128
DoddaballapuraCrossJunc,13.2572493,77.7125229,3,2.4,0.7999999999999999,-0.15536986912444656,0.497,False,0.015789473684210527,190
DevanahalliCrossJunc,13.24167865,77.70356475,2,2.0,1.0,-0.15536986912444656,0.497,False,0.0,175
NandiCross(RaniCross),13.265405000000001,77.71870396666667,3,2.7,0.9,-0.15536986912444656,0.484,False,0.015463917525773196,194
AnepalyaJunc,12.951754411666668,77.60533033,6,4.9799999999999995,0.83,-0.1593395747940562,0.45,False,0.0,200
BasaweshwaraCircle,12.984270700000001,77.5886019,5,5.0,1.0,-0.16231685404626345,0.444,False,0.005025125628140704,199
K G Junction,12.9751381,77.5764764,1,1.0,1.0,-0.16545953770137117,0.493,False,0.0,133
KonanakunteJunction(KanakapurarRd),12.890109883333333,77.56420415000001,6,6.0,1.0,-0.1702562653854829,0.391,False,0.0,199
Peenya2ndStageBusStand,13.009776500000001,77.50594505000001,2,2.0,1.0,-0.17521839747249499,0.473,False,0.017341040462427744,173
CashPharmacyJunction,12.966028399999999,77.5997593,3,3.0,1.0,-0.17554920627829593,0.469,False,0.0,192
Nagarbhavi,12.958794555555556,77.51788084444443,9,8.4,0.9333333333333333,-0.17703784590439944,0.349,False,0.02,200
RajajinagarEntranceJunction,12.9822577,77.55984628,5,5.0,1.0,-0.1805113383653081,0.398,False,0.0,200
Jaipuria-Adugodi,12.93506315,77.62434095,4,3.7,0.925,-0.18861615410742769,0.422,False,0.0,198
WilsonGarden10thCrossJunc,12.946020894999998,77.59561568333334,6,5.1899999999999995,0.8649999999999999,-0.19556313902924494,0.373,False,0.01507537688442211,199
SiddapuraJunction,12.94923378,77.59482698,5,5.0,1.0,-0.19556313902924494,0.38,False,0.0,197
KalyanNagar-ORR Junc,13.024157833333334,77.64375153333334,6,3.9899999999999998,0.6649999999999999,-0.19854041828145208,0.391,False,0.0,200
K H Road-SiddaiahRdJunc(BMTC-BigBazaar),12.952732066666668,77.59074646666666,6,6.0,1.0,-0.200525271116257,0.364,False,0.005,200
AnilKumbleCircle,12.97636365,77.6015210625,8,6.5,0.8125,-0.21011872648448032,0.341,False,0.005,200
HSR14thMainJunc,12.91803727,77.63877112333334,3,3.0,1.0,-0.21326141013958794,0.41,False,0.020833333333333332,192
Shivajinagar(BRV)Junction,12.979665,77.60270885625,16,14.8,0.925,-0.2150808585714924,0.169,False,0.05,200
UttarahalliJunction,12.905854761999999,77.54496494333333,15,15.0,1.0,-0.2167349026004965,0.143,False,0.015,200
ChaudrayaCircle/UdayaTVCircle(CantonmentJunc),12.994135485714285,77.59563775714285,7,6.1899999999999995,0.8842857142857142,-0.2185543510324011,0.345,False,0.04,200
VetenaryHospitalJunc-Shivajinagar,12.98963695,77.59948262500001,4,4.0,1.0,-0.21888515983820178,0.374,False,0.005050505050505051,198
A S CharStreet-MysoreRdJunc,12.96481012,77.57389456000001,5,4.7,0.9400000000000001,-0.22004299065850447,0.371,False,0.010101010101010102,198
"KuvempuCircleJunc,HAL MainGate",12.958055,77.668315,1,1.0,1.0,-0.2216970346875087,0.43,False,0.0,133
Delmia-Jayanagar,12.906240366666665,77.59390086666666,3,2.19,0.73,-0.2220278434933094,0.427,False,0.0,192
UrvashiJunction,12.955620883333333,77.58573625,6,5.1899999999999995,0.8649999999999999,-0.22517052714841715,0.328,False,0.005025125628140704,199
Malleswaram18thCrossRd-SampigeRdJunc,13.008669560000001,77.57150302,5,5.0,1.0,-0.24965037877767693,0.323,False,0.0707070707070707,198
Sumanhalli,12.98678775875,77.520432123125,16,15.7,0.98125,-0.251304422806681,0.111,False,0.055,200
Dr TCM RoyanRd near AmbedkarStatue,12.965155475000001,77.56807370833333,12,11.7,0.975,-0.25659736369949393,0.197,False,0.05,200
RoyanCircle-Chamrajpete,12.9624886,77.5656329,1,1.0,1.0,-0.25659736369949393,0.381,False,0.0,139
Srigandakaval,12.988480971428572,77.5101611,14,13.7,0.9785714285714285,-0.26288273100970927,0.132,False,0.08,200
DomlurWaterTank,12.961040745,77.63887486666667,12,12.0,1.0,-0.26453677503871337,0.18,False,0.015,200
WilsonGarden12thCrossJunc,12.9445289375,77.596888675,8,8.0,1.0,-0.26982971593152627,0.224,False,0.05,200
AshirwadamCircle,12.971060399999999,77.60420058,5,4.7,0.9400000000000001,-0.27115295115472954,0.303,False,0.035,200
IbblurJunction',12.921296843076922,77.66464258384616,13,11.5,0.8846153846153846,-0.2862047518186661,0.171,False,0.07,200
OldPoliceStation-Ashoknagar,12.9683707,77.60624623999999,5,5.0,1.0,-0.2994371040506986,0.257,False,0.020100502512562814,199
Ashoknagar Junction(ShoolayCircle),12.966321083333334,77.60641865000001,6,6.0,1.0,-0.2994371040506986,0.244,False,0.04522613065326633,199
DairyCircle,12.936367480000001,77.6029089,5,5.0,1.0,-0.3060532801667148,0.265,False,0.01015228426395939,197
Marigowda-TavarkereRdJunc,12.935763999999999,77.60780676153846,13,13.0,1.0,-0.3060532801667148,0.12,False,0.1,200
AdugodiJunc,12.942809950000001,77.60780145000001,2,2.0,1.0,-0.3063840889725156,0.312,False,0.0055248618784530384,181
LowerAgaram(IndiaGarage)Junc,12.964487366666667,77.61810673333333,3,2.7,0.9,-0.3077073241957189,0.302,False,0.015625,192
SagarHospitalJunc,12.9278346,77.60037306,5,5.0,1.0,-0.3113462210595277,0.245,False,0.02512562814070352,199
J D MaraJunc,12.907161833333333,77.6010555,3,3.0,1.0,-0.31316566949143215,0.294,False,0.005154639175257732,194
BiryandCircle,12.96412278,77.57003834,5,5.0,1.0,-0.31432350031173495,0.248,False,0.01,200
LalbaghMainGateJunc,12.953932666666667,77.58566405,6,6.0,1.0,-0.3194510368016476,0.228,False,0.06532663316582915,199
MotherTeressaCircle,12.966578086363636,77.60897399272727,11,11.0,1.0,-0.3275558525437674,0.131,False,0.285,200
D'SouzaCircle,12.9671612,77.610776025,4,4.0,1.0,-0.3275558525437674,0.254,False,0.030612244897959183,196
NIMHANS Junction,12.940403733333333,77.5977461,6,6.0,1.0,-0.3359914770916879,0.197,False,0.02,200
MICO Bande,12.945653433333334,77.60280531666666,6,5.49,0.915,-0.33632228589748875,0.209,False,0.035,200
DevegowdaPetrolBunkJunc,12.92073005,77.56126234999999,2,2.0,1.0,-0.3374801167177917,0.287,False,0.0,174
HosmatJunction,12.968480066666666,77.61442303333334,3,3.0,1.0,-0.3391341607467957,0.255,False,0.03684210526315789,190
BanashankariBusStandJunc,12.916914513846153,77.57278397769231,13,12.7,0.9769230769230769,-0.35220110857592757,0.074,False,0.085,200
JP Nagar 15th cross junction,12.906214328571428,77.58573547142858,7,7.0,1.0,-0.3589826890948442,0.173,False,0.065,200
Indiranasgar13thMainJunc,12.966776190000001,77.641548645,2,2.0,1.0,-0.3621253727499517,0.255,False,0.011695906432748537,171
MintoJunction,12.960096060000001,77.57199944,5,4.49,0.898,-0.36559886521086027,0.197,False,0.04020100502512563,199
KadirenahalliJunction,12.916272925000001,77.565058,8,8.0,1.0,-0.368741548865968,0.135,False,0.075,200
ISRO Junction-Airport rd,12.95924701111111,77.65546522222222,9,8.4,0.9333333333333333,-0.37535772498198405,0.12,False,0.115,200
CommandoHospitalJunc,12.966296783333334,77.62450715,6,6.0,1.0,-0.3804852614718967,0.157,False,0.07035175879396985,199
JP Nagar 9th cross-24th main jn,12.911875760000001,77.58611252,5,5.0,1.0,-0.4039726866837542,0.158,False,0.06532663316582915,199
OperaHouseJunc,12.971986748333334,77.60712471333333,6,5.7,0.9500000000000001,-0.41009264959106906,0.128,False,0.15,200
28thMainJayanagarJunc,12.9168331,77.59537391666667,6,4.98,0.8300000000000001,-0.4205131269737945,0.126,False,0.215,200
OldMadrasRd-Indranagar100ftRdJunc,12.984076591666666,77.64112288333332,12,10.5,0.875,-0.42332500182310145,0.049,True,0.645,200
BM ShriJunc(CMH-100FtRd)Junc,12.978526593333333,77.64130376666667,3,2.7,0.9,-0.42332500182310145,0.167,False,0.08854166666666667,192
OldMadrasRd-80FeetRdJunc,12.985833575000001,77.645409175,8,5.8999999999999995,0.7374999999999999,-0.42332500182310145,0.117,False,0.1306532663316583,199
Arbindo Circle,12.91728056,77.585654,10,9.4,0.9400000000000001,-0.42365581062890223,0.059,False,0.31,200
BucheryJunction,12.952048127272729,77.62148546363636,11,10.19,0.9263636363636363,-0.42398661943470306,0.053,False,0.48,200
ASC Junction,12.966569033333334,77.62054773333334,3,3.0,1.0,-0.4284525383130139,0.154,False,0.12637362637362637,182
Geethanjali jn,13.002918300000001,77.57109990000001,2,2.0,1.0,-0.4349033100261297,0.17,False,0.10240963855421686,166
KCG HospitalJunction,12.99931805,77.57141139999999,2,1.7,0.85,-0.4349033100261297,0.183,False,0.05555555555555555,180
Fire Force Junction,12.98076095,77.5495049,2,2.0,1.0,-0.4349033100261297,0.171,False,0.12138728323699421,173
KamakyaJunction,12.9233939,77.5542916,1,1.0,1.0,-0.4483010666610624,0.174,False,0.024,125
KatriguppeJunction,12.9254345525,77.54992262166667,12,10.89,0.9075000000000001,-0.4483010666610624,0.04,True,0.22,200
NGV RearGateJunc,12.9424581,77.62256595,2,1.49,0.745,-0.4501205150929668,0.158,False,0.10285714285714286,175
SafinaPlazaJunc,12.9801409,77.6074116,1,1.0,1.0,-0.4530977943451742,0.161,False,0.047244094488188976,127
TyagiHengalvarayaJunc(DickensonRd),12.981654599999999,77.60941434,5,5.0,1.0,-0.4530977943451742,0.082,False,0.20304568527918782,197
"Jayanagar 4th main,36th cross",12.9225838,77.5803166,2,2.0,1.0,-0.4613680144901944,0.148,False,0.09248554913294797,173
CholurpalyaJunction(MagadiRd),12.973764150000001,77.5500964,2,2.0,1.0,-0.46798419060621055,0.128,False,0.2155688622754491,167
MC Circle,12.976117833333333,77.54777961666666,6,6.0,1.0,-0.46798419060621055,0.071,False,0.42424242424242425,198
AgaraJunction,12.923731916666668,77.64970595,6,5.7,0.9500000000000001,-0.46963823463521454,0.071,False,0.271356783919598,199
Basappa Circle Junction,12.957186906666665,77.57678725333334,3,3.0,1.0,-0.469803639038115,0.11,False,0.19270833333333334,192
"PriyadarshiniHotel,Jayamahal,RT Nagar",13.001852065000001,77.59451953833333,6,5.4,0.9,-0.4701344478439158,0.081,False,0.32,200
NavarangBarJunc-Dr RajkumarRd,12.987796445,77.55978970999999,2,1.49,0.745,-0.48138194724114325,0.126,False,0.1781609195402299,174
BasavamantapaJunc-Dr RajkumarRd,12.9802019,77.55618905,2,1.7,0.85,-0.48138194724114325,0.115,False,0.19186046511627908,172
GorappanapalyaJunction,12.920906,77.6002661,1,1.0,1.0,-0.4851862485078526,0.135,False,0.23636363636363636,110
RamaiahCircle-UlsoorPoliceStation,12.975644066666668,77.6259338,9,6.8999999999999995,0.7666666666666666,-0.4879981233571594,0.05,False,0.37,200
Bamboobazar(Shivajinagar),12.9930158,77.60516129999999,2,1.49,0.745,-0.49511051268187684,0.106,False,0.08522727272727272,176
Basveshwarnagar 8th main Junction,12.99274321,77.53414506,1,0.7,0.7,-0.4979223875311837,0.113,False,0.056451612903225805,124
Shivashankara circle,12.95775582,77.57404088,5,5.0,1.0,-0.5028845196181958,0.06,False,0.4263959390862944,197
JayadevaHospitalJunc,12.915537875,77.6001182625,8,7.7,0.9625,-0.5066888208849052,0.033,True,0.645,200
OldMadrasRd-DoubleRdJunc,12.98281526,77.6375072,3,3.0,1.0,-0.5142974234183237,0.074,False,0.3072916666666667,192
ItmaduJunction,12.92794845,77.54645538333334,6,6.0,1.0,-0.5144628278212241,0.041,True,0.15577889447236182,199
WebbsCircle,12.973985733333334,77.61382183333333,3,2.4,0.7999999999999999,-0.5144628278212241,0.063,False,0.35714285714285715,196
PotteryCircle,13.0021017,77.61223598,5,4.49,0.898,-0.5151244454328258,0.055,False,0.45454545454545453,198
PrasannaJunction,12.975611336666667,77.55341817833333,6,6.0,1.0,-0.5176055114763317,0.039,True,0.45,200
BegumMahalJunc,12.9757196,77.620183425,4,3.7,0.925,-0.5227330479662443,0.057,False,0.3384615384615385,195
MarenahalliRd-18thMainRdJunc,12.9186031,77.58915404999999,2,2.0,1.0,-0.5228984523691448,0.081,False,0.13068181818181818,176
HainsJunc,12.9941844,77.60665671666666,6,5.49,0.915,-0.5232292611749455,0.036,True,0.37185929648241206,199
TrinityCircle,12.971906496363637,77.61934259909091,11,8.69,0.7899999999999999,-0.5260411360242524,0.015,True,0.565,200
HennurRd-DavisRdJunction,13.003295697999999,77.620409662,5,4.49,0.898,-0.5281913932619576,0.042,True,0.525,200
SindhiColonyJunction,12.994906466666666,77.61605924444444,9,7.89,0.8766666666666666,-0.5281913932619576,0.02,True,0.77,200
ShivanahalliJunctionWOC,12.989829300000002,77.55055643333334,3,3.0,1.0,-0.5291838196793601,0.064,False,0.47959183673469385,196
Rajajinagagr1stBlockJunction,13.00449865,77.54946015,2,2.0,1.0,-0.5310032681112645,0.078,False,0.4044943820224719,178
VijayanagarBusStandJunction,12.973221583333334,77.53947993333334,6,6.0,1.0,-0.5341459517663723,0.024,True,0.7,200
PuttammaChoultryNagarbhavi,12.9756474,77.53791515,2,1.7,0.85,-0.5341459517663723,0.08,False,0.3463687150837989,179
RajarajeshwariKalyanaMantapaJunc,12.994492,77.5541902,1,1.0,1.0,-0.5376194442272807,0.082,False,0.3821138211382114,123
BEML GateJunc(SuranjandasRd),12.9692543,77.65860705,2,2.0,1.0,-0.5391080838533844,0.065,False,0.17613636363636365,176
OldMadrasRd-BMTC DepotJunc,12.9825565,77.6353914,1,1.0,1.0,-0.5391080838533844,0.08,False,0.33070866141732286,127
KamrajRdJunction,12.97709826,77.6089381,5,4.4,0.8800000000000001,-0.5424161719113924,0.044,True,0.6954314720812182,197
MaharajaJunction,12.93436245,77.6296954,2,1.7,0.85,-0.5440702159403965,0.068,False,0.4911242603550296,169
Arts&CraftsCircle,12.9753296,77.6073261,2,1.7,0.85,-0.5473783039984046,0.065,False,0.23295454545454544,176
JaiMuniRaoCircle,12.978470042000001,77.543288764,5,5.0,1.0,-0.5506863920564127,0.032,True,0.45,200
MayohallJunction,12.973328760000001,77.61061404,5,4.7,0.9400000000000001,-0.5523404360854166,0.034,True,0.7336683417085427,199
BhashyamCircle,12.9850372,77.55434766666667,3,3.0,1.0,-0.5591220166043332,0.045,True,0.582010582010582,189
Minerva Circle,12.9549542,77.58042775,2,2.0,1.0,-0.5640841486913454,0.05,False,0.24848484848484848,165
ThomasCafe-New,12.9905937,77.6138551,1,1.0,1.0,-0.5693770895841583,0.05,False,0.43859649122807015,114
KHB Junction,12.9807626,77.5366494,1,1.0,1.0,-0.5721889644334652,0.057,False,0.3609022556390977,133
ColesParkJunc,12.9928238,77.6096432,1,1.0,1.0,-0.5778127141320789,0.049,True,0.366412213740458,131
YediyurMeternityHospital,12.9267084,77.577034,1,1.0,1.0,-0.5837672726364935,0.038,True,0.15702479338842976,121
KR Road-14thCross Junc,12.929715,77.573648,1,1.0,1.0,-0.5837672726364935,0.047,True,0.36885245901639346,122
ManipalCentreJunc,12.975913349999999,77.61298679999999,2,1.7,0.85,-0.5969996248685258,0.038,True,0.6162790697674418,172
Srinivagilu(Ejipura)Junc,12.938698,77.634254475,4,3.7,0.925,-0.6021271613584384,0.017,True,0.8247422680412371,194
SonyworldJunction,12.9374064,77.62750926666666,3,3.0,1.0,-0.6021271613584384,0.021,True,0.35751295336787564,193
SwagathMainRd-EastEndRdJunc,12.92727815,77.59705165,2,1.49,0.745,-0.6041120141932432,0.03,True,0.25882352941176473,170
17th Mn 1st Crs Aishwarya Stores Jn,12.9250436,77.6336263,1,1.0,1.0,-0.6052698450135461,0.035,True,0.27611940298507465,134
DickensonRd-AdigasJunc,12.9796588,77.613821,1,1.0,1.0,-0.6085779330715542,0.037,True,0.674074074074074,135
CMH Rd-AdarshTheaterJunc,12.978331579999999,77.62877914,5,4.4,0.8800000000000001,-0.6151941091875703,0.009,True,0.66,200
KensingtonOvalJunc,12.9821285,77.6236031,1,1.0,1.0,-0.6201562412745824,0.032,True,0.6825396825396826,126
ModiBridgeJunction,12.998804033333334,77.5498981,3,2.49,0.8300000000000001,-0.6203216456774827,0.018,True,0.7142857142857143,196
ModiHospital,12.9975256,77.5470383,1,1.0,1.0,-0.6203216456774827,0.027,True,0.6640625,128
Rajajinagar19thMainJunc,12.9977006,77.55124131666666,6,6.0,1.0,-0.6203216456774827,0.006,True,0.88,200
NavarangTheatreJunction,12.998120985,77.5528348225,4,4.0,1.0,-0.6203216456774827,0.008,True,0.7157360406091371,197
ShankarMuttCircle,12.999046466666668,77.54133353333333,3,3.0,1.0,-0.625283777764495,0.012,True,0.7319587628865979,194
DhobiGhatJunc,12.98687955857143,77.55060211714286,7,7.0,1.0,-0.625283777764495,0.003,True,0.915,200
AnjaneyaTempleJunc,12.981286866666666,77.63094503333333,3,2.0999999999999996,0.6999999999999998,-0.6267724173905985,0.015,True,0.453125,192
TamarikannanJunc,12.9813476,77.6285708,1,0.7,0.7,-0.6267724173905985,0.025,True,0.6285714285714286,140
WiproJunc-Koramangala,12.9297671,77.6330898,1,1.0,1.0,-0.6267724173905986,0.02,True,0.6484375,128
LalbaghWestGate,12.9483534,77.5797302,1,1.0,1.0,-0.630245909851507,0.029,True,0.6134453781512605,119
NagaTheaterJunc-Ulsoor,12.9897527,77.6180398,1,0.7,0.7,-0.6517484822285596,0.012,True,0.5447761194029851,134
NationalCollege,12.9516353,77.5736202,1,0.7,0.7,-0.6583646583445757,0.01,True,0.7322834645669292,127
HalliThindi,12.943953533333334,77.56790193333335,3,3.0,1.0,-0.6995503546667764,0.001,True,0.9578947368421052,190
DMRoadJunc(Basavangudi),12.943615,77.5722,1,1.0,1.0,-0.7491716755368976,0.001,True,0.967479674796748,123
Geeta Circle,12.9285748,77.5861157,1,1.0,1.0,-0.7526451679978062,0.001,True,0.746031746031746,126
27th Cross Jayanagar(Ganapathi Temple),12.9317517,77.5797388,1,1.0,1.0,-0.7772904240299664,0.002,True,0.5597014925373134,134
South end circle,12.937703816666668,77.57961607,3,3.0,1.0,-0.7938308643200068,0.001,True,0.9897959183673469,196
